Geographic_Type,Name,Prosperity_Zone,Prosperity_Zone_Subregion,Peer_County_Type,Number_of_Local_Education_Agencies,Highest_Degree_Earned_25_44_year_olds_Less_than_HS,Highest_Degree_Earned_25_44_year_olds_HS_GED,Highest_Degree_Earned_25_44_year_olds_Some_College_No_Degree,Highest_Degree_Earned_25_44_year_olds_Associate,Highest_Degree_Earned_25_44_year_olds_Bachelors,Highest_Degree_Earned_25_44_year_olds_Masters_or_more,Total_Population_2018_Estimate,Total_Population_2030_Projection,K13_Students_Traditional_Schools,K13_Students_Charter_Private_Home_Schools,Median_Household_Income,Child_Poverty_Rate,Households_with_Broadband,Low_Performing_Schools_Num_of_schools_with_performance_grades,Low_Performing_Schools_Num_low_performing_schools,Low_Performing_Schools_Percent_Low_Performing_Schools,NC_Pre_K_Participation_Rate,College_and_Career_Ready_in_Reading,College_and_Career_Ready_in_Math,Percent_of_Schools_by_Academic_Growth_Status_Not_Met,Percent_of_Schools_by_Academic_Growth_Status_Met,Percent_of_Schools_by_Academic_Growth_Status_Exceeded,High_School_Graduation_Rate,FAFSA_Completion_Rate,Chronic_Absenteeism_Rate,Num_in_at_least_one_AP_course,AP_Participation_Rate,Num_earning_credit_in_a_college_course,Percent_earning_credit_in_a_college_course,CTE_concentrations_earned,CTE_Concentration_1,CTE_Concentration_2,CTE_Concentration_3,Enroll_in_Postsecondary_within_12_months,If_enroll_within_12 months_Persist_to_2nd_Year,If_enroll_within_12_months_Graduate_within_6_years,Students_per_School_Counselor,ApprenticeshipNC,NCCC_Basic_Skills_Enrollments,NCCC_Continuing_Education_Enrollments,Disconnected_Youth_Rate,Public_Postsecondary_UNC_NCCC_Outcomes_Total_Graduates_2018,Public_Postsecondary_UNC_NCCC_Outcomes:_Percent_of_Graduates_Employed_in_NC_after_5_Years,Public_Postsecondary_UNC_NCCC_Outcomes_Average_Wages_of_Graduates_Employed_in_NC_after_5_Years,Alignment_Rate,Alignment_Gap_1,Alignment_Gap_2,Alignment_Gap_3,Occupational_Projections_2017_2026_Total_Job_Openings,Occupational_Projections_2017_2026_Top_Job_1,Occupational_Projections_2017_2026_Top_Job_2,Occupational_Projections_2017_2026_Top_Job_3,Opportunity_1,Opportunity_2,Opportunity_3,Total_Degree_Credential_Seeking_Undergraduate_Enrollments,Percent_Graduate_or_Transfer_within_8_Years,american_indian_pub_students,asian_pacific_islander_pub_students,black_pub_students,hispanic_pub_students,multiracial_pub_students,white_pub_students,Postsecondary_Intentions,Cooperative_Innovative_High_Schools_Num_Enrolled_in_CIHS_9_13,Cooperative_Innovative_High_Schools_CIHS_Enrollment_Rate,Non_Traditional_K12_Enrollments_Num_Enrolled_in_Charter_Schools,Non_Traditional_K12_Enrollments_Num_Enrolled_in_Private_Schools,Non_Traditional_K12_Enrollments_Num_Enrolled_in_Home_Schools,Diversity_Index,Public_School_Expenditure_in_Thousands,Public_School_Expenditure,Expenditure_per_Student
State,North Carolina,North Carolina,North Carolina,,231,10%,22%,22%,10%,24%,12%,"10,389,148","11,836,070","1,410,673","347,681","$53,922",20%,78%,2306,439,19%,48%,45%,41%,26%,46%,27%,86%,64%,15%,"73,490",17%,"54,344",13%,"55,835","Agricultural, Food, & Natural Resources",Health Science,Hospitality & Tourism,61%,78%,54%,356,"11,399","67,228","385,475",7.10%,"87,155",68%,"$43,260",82%,Information Technology (bachelor's),"Transportation, Distribution & Logistics (below bachelor's)",Finance (bachelor's),"5,211,216",Registered Nurses,"Sales Representatives, Wholesale and Manufacturing, Except Technical and Scientific Products",General and Operations Managers,NC Pre-K Enrollment,Low-Performing Schools,FAFSA Completion,"613,711",67%,1%,4%,24%,19%,6%,46%,79%,"27,001",6%,"109,051","102,400","142,037",100,0,0,0
County,Alamance County,Piedmont-Triad,Greensboro,Suburban,1,15%,23%,26%,10%,18%,7%,"166,638","192,656","22,579","5,708","$50,480",20%,76%,34,13,38%,42%,37%,34%,26%,57%,17%,83%,55%,20%,"1,162",17%,868,13%,"1,043","Agricultural, Food, & Natural Resources",Hospitality & Tourism,Architecture and Construction,57%,74%,53%,426,739,"6,843","34,670",9.20%,"8,688",71%,"$41,392",84%,"Transportation, Distribution & Logistics (below bachelor's)",Health Science (above bachelor's),Finance (bachelor's),"469,667",Registered Nurses,"Sales Representatives, Wholesale and Manufacturing, Except Technical and Scientific Products",General and Operations Managers,Low-Performing Schools,Reading Performance,Math Performance,"71,877",72%,0%,2%,23%,27%,5%,42%,75%,223,3%,"1,767","1,636","2,305",13.35337044,222353,222353000,9847.77891
County,Alexander County,Northwest,Hickory,Rural Metro,1,15%,40%,19%,13%,9%,4%,"38,303","41,021","4,746",927,"$49,138",20%,70%,11,0,0%,45%,48%,46%,9%,82%,9%,83%,55%,10%,157,11%,287,21%,260,"Agricultural, Food, & Natural Resources",Architecture and Construction,Health Science,60%,81%,54%,297,300,"3,422","22,503",10.60%,"2,073",82%,"$33,373",64%,"Transportation, Distribution & Logistics (below bachelor's)",Health Science (above below bachelor's) and,Business Management & Administration (bachelor's),"188,511",Registered Nurses,First-Line Supervisors of Production and Operating Workers,"Sales Representatives, Wholesale and Manufacturing, Except Technical and Scientific Products",NC Pre-K Enrollment,High School Graduation,Disconnected Youth,"16,315",52%,0%,1%,4%,11%,5%,78%,75%,186,14%,0,134,793,1.661608429,48607,48607000,10241.6772
County,Alleghany County,Northwest,Boone-Wilkesboro,Rural Non-Metro,1,28%,29%,24%,7%,9%,3%,"11,422","11,948","1,332",139,"$39,735",30%,71%,4,0,0%,81%,42%,45%,0%,50%,50%,89%,57%,16%,0,0%,108,26%,159,"Agricultural, Food, & Natural Resources","Arts, Audio/Video Technology, & Communications","Transportation, Distribution, & Logistics",54%,76%,51%,333,12,"1,740","8,809",12.70%,"5,225",70%,"$41,744",72%,"Transportation, Distribution & Logistics (below bachelor's)",n.a.,n.a.,"84,705",Registered Nurses,General and Operations Managers,First-Line Supervisors of Construction Trades and Extraction Workers,AP Participation,Disconnected Youth,Transition to Postsecondary,"28,661",75%,0%,0%,0%,25%,4%,71%,88%,0,0%,0,31,108,0.4403969464,17182,17182000,12899.3994
County,Anson County,Southwest,Charlotte,Rural Metro,1,17%,36%,26%,11%,8%,1%,"25,288","25,288","3,148",296,"$38,023",31%,69%,9,4,44%,103%,34%,26%,30%,50%,20%,83%,45%,28%,1,0%,355,37%,185,"Agricultural, Food, & Natural Resources",Information Technology,Health Science,43%,70%,46%,350,"3,322","12,019","64,398",4.90%,"12,162",74%,"$43,374",79%,Business Management & Administration (bachelor's),Finance (bachelor's),Information Technology (bachelor's),"1,361,336","Sales Representatives, Wholesale and Manufacturing, Except Technical and Scientific Products",General and Operations Managers,Registered Nurses,Low-Performing Schools,Transition to Postsecondary,Chronic Absenteeism,"107,538",68%,0%,2%,55%,6%,4%,33%,68%,231,24%,0,10,286,1.547774667,36665,36665000,11647.07751
County,Ashe County,Northwest,Boone-Wilkesboro,Rural Non-Metro,1,13%,27%,26%,14%,14%,6%,"27,606","30,906","2,946",617,"$41,864",26%,69%,6,0,0%,99%,56%,53%,33%,17%,50%,86%,56%,10%,109,12%,237,26%,126,Health Science,"Agricultural, Food, & Natural Resources","Science, Technology, Engineering, & Mathematics",67%,76%,61%,327,12,"1,740","8,809",5.30%,"5,225",70%,"$41,744",72%,"Transportation, Distribution & Logistics (below bachelor's)",n.a.,n.a.,"84,705",Registered Nurses,General and Operations Managers,First-Line Supervisors of Construction Trades and Extraction Workers,Adult Learners,FAFSA Completion,AP Participation,"28,661",75%,0%,0%,0%,12%,4%,82%,77%,60,7%,0,32,585,0.7391415509,33542,33542000,11385.6076
County,Avery County,Northwest,Boone-Wilkesboro,Rural Non-Metro,1,16%,29%,32%,9%,10%,4%,"18,057","18,031","1,910",527,"$41,701",25%,67%,9,1,11%,163%,51%,49%,11%,33%,56%,90%,67%,18%,77,14%,164,29%,85,Manufacturing,Health Science,"Agricultural, Food, & Natural Resources",54%,75%,60%,273,12,"1,740","8,809",1.10%,"5,225",70%,"$41,744",72%,"Transportation, Distribution & Logistics (below bachelor's)",n.a.,n.a.,"84,705",Registered Nurses,General and Operations Managers,First-Line Supervisors of Construction Trades and Extraction Workers,Adult Learners,Transition to Postsecondary,Chronic Absenteeism,"28,661",75%,0%,1%,0%,12%,3%,83%,73%,0,0%,147,70,310,0.4921610638,24747,24747000,12956.5445
County,Beaufort County,Northeast,Greenville,Rural Non-Metro,1,12%,30%,26%,15%,11%,7%,"47,475","47,575","6,370","1,447","$46,411",27%,65%,12,0,0%,62%,40%,38%,54%,31%,15%,83%,40%,18%,153,8%,434,22%,266,"Agricultural, Food, & Natural Resources",Hospitality & Tourism,Architecture and Construction,54%,75%,44%,375,347,"2,779","19,098",4.50%,"8,237",70%,"$47,838",84%,"Agriculture, Food & Natural Resources (bachelor's)","Transportation, Distribution & Logistics (bachelor's)",n.a.,"154,964",Registered Nurses,General and Operations Managers,First-Line Supervisors of Construction Trades and Extraction Workers,FAFSA Completion,Postsecondary Completion,Transition to Postsecondary,"44,903",70%,0%,0%,31%,17%,6%,46%,70%,267,13%,423,411,613,3.491849644,70862,70862000,11124.33281
County,Bertie County,Northeast,Greenville,Rural Non-Metro,1,18%,35%,26%,7%,9%,5%,"19,709","19,601","2,078",590,"$35,433",32%,56%,7,3,43%,93%,33%,24%,29%,29%,43%,78%,56%,19%,0,0%,187,28%,90,Information Technology,"Agricultural, Food, & Natural Resources","Arts, Audio/Video Technology, & Communications",53%,74%,40%,346,347,"2,779","19,098",6.30%,"8,237",70%,"$47,838",84%,"Agriculture, Food & Natural Resources (bachelor's)","Transportation, Distribution & Logistics (bachelor's)",n.a.,"154,964",Registered Nurses,General and Operations Managers,First-Line Supervisors of Construction Trades and Extraction Workers,Low-Performing Schools,Math Performance,AP Participation,"44,903",70%,0%,0%,80%,3%,5%,12%,73%,172,25%,77,371,142,0.6564224732,26389,26389000,12699.23003
County,Bladen County,Sandhills,Fayetteville-Lumberton,Rural Non-Metro,1,17%,33%,23%,12%,12%,3%,"34,566","33,912","4,120","1,132","$36,976",44%,65%,13,6,46%,88%,34%,25%,31%,69%,0%,92%,47%,16%,48,4%,345,25%,422,"Agricultural, Food, & Natural Resources",Health Science,Manufacturing,51%,69%,41%,375,"1,621","6,792","32,293",13.00%,"5,110",64%,"$36,969",75%,Health Science (above below bachelor's),Information Technology (bachelor's),Finance (bachelor's),"258,519",Registered Nurses,"Business Operations Specialists, All Other",General and Operations Managers,Low-Performing Schools,Math Performance,FAFSA Completion,"52,924",54%,2%,0%,36%,20%,6%,36%,71%,49,4%,621,88,423,2.475027242,48856,48856000,11858.25243
County,Brunswick County,Southeast,Wilmington,Rural Metro,1,13%,25%,26%,14%,16%,6%,"137,103","179,854","12,383","3,500","$60,163",20%,81%,18,2,11%,38%,41%,39%,22%,44%,33%,85%,51%,18%,291,7%,504,13%,508,"Agricultural, Food, & Natural Resources",Architecture and Construction,Health Science,53%,71%,47%,399,254,"1,943","14,610",6.20%,"6,301",66%,"$40,372",80%,Finance (bachelor's),Health Science (above bachelor's),"Transportation, Distribution & Logistics (below bachelor's)","207,875",Registered Nurses,General and Operations Managers,First-Line Supervisors of Construction Trades and Extraction Workers,NC Pre-K Enrollment,CCP Enrollment,FAFSA Completion,"35,429",69%,1%,1%,14%,15%,7%,63%,79%,371,9%,"1,276",539,"1,685",6.436413301,135819,135819000,10968.18219
County,Buncombe County,Western,Asheville,Suburban,2,9%,20%,21%,9%,28%,13%,"261,065","296,961","27,741","10,541","$53,960",17%,81%,50,4,8%,35%,48%,44%,25%,55%,20%,87%,57%,14%,"1,635",19%,"1,838",21%,"1,280",Health Science,"Agricultural, Food, & Natural Resources",Architecture and Construction,58%,79%,58%,292,553,"3,207","22,514",6.90%,"2,836",69%,"$33,116",71%,Health Science (all levels),"Transportation, Distribution & Logistics (below bachelor's)",Finance (bachelor's),"255,306",Registered Nurses,General and Operations Managers,"Sales Representatives, Services, All Other",NC Pre-K Enrollment,Transition to Postsecondary,High School Graduation,"23,862",65%,0%,2%,8%,17%,7%,66%,82%,"1,041",12%,"2,513","3,407","4,621",13.31291265,309660,309660000,11162.5392
County,Burke County,Northwest,Hickory,Rural Metro,1,18%,31%,26%,11%,9%,4%,"91,402","95,263","11,820","2,074","$44,946",21%,68%,23,1,4%,67%,46%,42%,21%,50%,29%,90%,49%,11%,547,15%,521,14%,375,"Agricultural, Food, & Natural Resources",Health Science,Hospitality & Tourism,53%,73%,54%,358,300,"3,422","22,503",14.70%,"2,073",82%,"$33,373",64%,"Transportation, Distribution & Logistics (below bachelor's)",Health Science (above below bachelor's) and,Business Management & Administration (bachelor's),"188,511",Registered Nurses,First-Line Supervisors of Production and Operating Workers,"Sales Representatives, Wholesale and Manufacturing, Except Technical and Scientific Products",Disconnected Youth,FAFSA Completion,CCP Enrollment,"16,315",52%,0%,6%,4%,17%,6%,66%,76%,138,4%,320,214,"1,540",5.671466169,115795,115795000,9796.531303
County,Cabarrus County,Southwest,Charlotte,Suburban,2,8%,20%,24%,11%,25%,11%,"209,150","259,075","37,190","8,185","$69,297",13%,88%,42,6,15%,42%,50%,47%,10%,36%,54%,88%,54%,12%,"1,835",16%,"1,309",11%,"1,798",Health Science,"Agricultural, Food, & Natural Resources",Hospitality & Tourism,64%,79%,54%,403,"3,322","12,019","64,398",6.20%,"12,162",74%,"$43,374",79%,Business Management & Administration (bachelor's),Finance (bachelor's),Information Technology (bachelor's),"1,361,336","Sales Representatives, Wholesale and Manufacturing, Except Technical and Scientific Products",General and Operations Managers,Registered Nurses,School Counselors,NC Pre-K Enrollment,FAFSA Completion,"107,538",68%,0%,6%,21%,20%,6%,46%,77%,414,4%,"2,535","2,003","3,647",23.03394823,378482,378482000,10176.98306
County,Caldwell County,Northwest,Hickory,Rural Metro,1,17%,30%,24%,12%,12%,4%,"83,291","87,711","11,236","1,386","$43,328",22%,75%,23,1,4%,46%,46%,35%,21%,71%,8%,88%,65%,17%,223,6%,"1,084",30%,471,Health Science,"Agricultural, Food, & Natural Resources",Architecture and Construction,57%,70%,49%,312,300,"3,422","22,503",12.00%,"2,073",82%,"$33,373",64%,"Transportation, Distribution & Logistics (below bachelor's)",Health Science (above below bachelor's) and,Business Management & Administration (bachelor's),"188,511",Registered Nurses,First-Line Supervisors of Production and Operating Workers,"Sales Representatives, Wholesale and Manufacturing, Except Technical and Scientific Products",NC Pre-K Enrollment,AP Participation,First-Year Persistence,"16,315",52%,0%,1%,5%,12%,5%,77%,79%,619,17%,0,134,"1,252",4.144710997,106429,106429000,9472.143111
County,Camden County,Northeast,Elizabeth City,Rural Metro,1,10%,25%,25%,22%,14%,4%,"10,490","11,266","1,854",180,"$65,955",10%,84%,5,0,0%,187%,61%,47%,20%,80%,0%,91%,53%,12%,38,6%,194,32%,76,Health Science,"Agricultural, Food, & Natural Resources","Science, Technology, Engineering, & Mathematics",73%,84%,58%,464,8,603,"4,933",3.90%,580,64%,"$30,932",60%,Health Science (all levels),"Transportation, Distribution & Logistics (below bachelor's)",Finance (bachelor's),"67,624",General and Operations Managers,First-Line Supervisors of Construction Trades and Extraction Workers,Accountants and Auditors,School Counselors,AP Participation,FAFSA Completion,"7,009",52%,0%,1%,9%,4%,8%,78%,74%,180,30%,0,0,180,0.6698361308,19576,19576000,10558.7918
County,Carteret County,Southeast,Jacksonville-New Bern,Rural Non-Metro,1,9%,20%,29%,13%,20%,9%,"70,696","76,536","7,986","1,938","$55,052",16%,82%,17,0,0%,83%,58%,52%,12%,35%,53%,84%,52%,15%,237,10%,504,21%,365,"Agricultural, Food, & Natural Resources",Hospitality & Tourism,"Science, Technology, Engineering, & Mathematics",67%,82%,51%,275,143,"2,183","14,913",12.40%,"2,013",60%,"$30,995",56%,Health Science (above below bachelor's),Business Management & Administration (bachelor's),Education & Training (bachelor's),"143,212",Registered Nurses,"Business Operations Specialists, All Other",General and Operations Managers,Adult Learners,Disconnected Youth,FAFSA Completion,"18,513",63%,0%,1%,6%,10%,7%,76%,83%,0,0%,202,373,"1,363",3.087270721,87165,87165000,10914.72577
County,Caswell County,Piedmont-Triad,Greensboro,Rural Non-Metro,1,14%,34%,27%,10%,12%,3%,"23,679","23,665","2,425",462,"$45,517",28%,63%,6,2,33%,60%,35%,26%,33%,50%,17%,79%,53%,22%,74,10%,109,15%,163,"Agricultural, Food, & Natural Resources",Manufacturing,"Transportation, Distribution, & Logistics",59%,70%,43%,303,739,"6,843","34,670",8.10%,"8,688",71%,"$41,392",84%,"Transportation, Distribution & Logistics (below bachelor's)",Health Science (above bachelor's),Finance (bachelor's),"469,667",Registered Nurses,"Sales Representatives, Wholesale and Manufacturing, Except Technical and Scientific Products",General and Operations Managers,Low-Performing Schools,Math Performance,CCP Enrollment,"71,877",72%,0%,0%,35%,9%,4%,51%,81%,0,0%,0,0,462,1.179287786,25262,25262000,10417.31959
County,Catawba County,Northwest,Hickory,Suburban,3,11%,30%,25%,11%,17%,7%,"158,483","170,616","22,705","3,867","$53,738",20%,79%,41,1,2%,42%,46%,42%,22%,49%,29%,89%,57%,15%,"1,019",15%,"1,144",16%,800,Health Science,"Agricultural, Food, & Natural Resources",Hospitality & Tourism,63%,82%,57%,355,300,"3,422","22,503",5.70%,"2,073",82%,"$33,373",64%,"Transportation, Distribution & Logistics (below bachelor's)",Health Science (above below bachelor's) and,Business Management & Administration (bachelor's),"188,511",Registered Nurses,First-Line Supervisors of Production and Operating Workers,"Sales Representatives, Wholesale and Manufacturing, Except Technical and Scientific Products",NC Pre-K Enrollment,AP Participation,Chronic Absenteeism,"16,315",52%,0%,7%,9%,20%,7%,58%,79%,409,6%,0,"1,643","2,224",12.8319498,214253,214253000,9436.379652
County,Chatham County,North Central,Raleigh-Durham,Rural Metro,1,16%,19%,17%,9%,22%,17%,"74,264","94,920","8,809","2,496","$73,703",14%,77%,17,1,6%,114%,49%,45%,18%,59%,24%,88%,69%,9%,486,18%,637,24%,346,Health Science,"Agricultural, Food, & Natural Resources",Architecture and Construction,67%,81%,57%,400,"2,661","12,867","67,583",11.00%,"22,190",59%,"$52,133",80%,Information Technology (bachelor's),Marketing (bachelor's),Finance (bachelor's),"1,166,888",Registered Nurses,"Software Developers, Applications",General and Operations Managers,Disconnected Youth,School Counselors,Math Performance,"139,487",73%,0%,1%,11%,31%,5%,51%,84%,60,2%,"1,290",190,"1,016",4.64497856,98953,98953000,11233.17062
County,Cherokee County,Western,Waynesville-Franklin,Rural Non-Metro,1,5%,33%,23%,17%,13%,9%,"29,275","32,681","3,113",737,"$41,262",28%,70%,12,0,0%,53%,49%,42%,23%,54%,23%,93%,55%,18%,33,3%,368,35%,174,Health Science,"Agricultural, Food, & Natural Resources",Hospitality & Tourism,63%,79%,50%,208,18,"1,489","10,302",9.40%,"3,691",70%,"$39,941",80%,Health Science (above bachelor's),n.a.,n.a.,"81,375",Registered Nurses,General and Operations Managers,First-Line Supervisors of Construction Trades and Extraction Workers,NC Pre-K Enrollment,AP Participation,Chronic Absenteeism,"17,345",74%,1%,1%,2%,7%,8%,82%,69%,143,14%,182,27,528,1.032231923,37407,37407000,12016.38291
County,Chowan County,Northeast,Elizabeth City,Rural Non-Metro,1,15%,38%,19%,11%,13%,4%,"14,173","13,592","1,935",173,"$42,618",30%,67%,3,0,0%,69%,40%,41%,0%,67%,33%,92%,59%,14%,38,7%,77,14%,134,"Agricultural, Food, & Natural Resources","Arts, Audio/Video Technology, & Communications",Health Science,52%,71%,51%,387,8,603,"4,933",6.50%,580,64%,"$30,932",60%,Health Science (all levels),"Transportation, Distribution & Logistics (below bachelor's)",Finance (bachelor's),"67,624",General and Operations Managers,First-Line Supervisors of Construction Trades and Extraction Workers,Accountants and Auditors,CCP Enrollment,Transition to Postsecondary,School Counselors,"7,009",52%,0%,0%,44%,8%,5%,42%,91%,0,0%,0,6,167,0.9581200447,22414,22414000,11583.46253
County,Clay County,Western,Waynesville-Franklin,Rural Non-Metro,1,9%,31%,27%,12%,17%,5%,"11,658","13,770","1,274",196,"$42,878",24%,76%,3,0,0%,52%,40%,41%,0%,67%,33%,94%,61%,14%,4,1%,59,16%,90,Hospitality & Tourism,"Agricultural, Food, & Natural Resources",Health Science,59%,79%,49%,"1,274",18,"1,489","10,302",8.10%,"3,691",70%,"$39,941",80%,Health Science (above bachelor's),n.a.,n.a.,"81,375",Registered Nurses,General and Operations Managers,First-Line Supervisors of Construction Trades and Extraction Workers,School Counselors,NC Pre-K Enrollment,AP Participation,"17,345",74%,1%,0%,1%,8%,6%,84%,77%,0,0%,0,50,146,0.3529110512,15417,15417000,12101.25589
County,Cleveland County,Southwest,Charlotte,Rural Non-Metro,1,15%,30%,25%,11%,12%,8%,"99,140","102,157","14,216","2,563","$42,728",28%,63%,27,2,7%,59%,45%,48%,25%,50%,25%,88%,48%,16%,705,16%,849,19%,848,"Agricultural, Food, & Natural Resources",Health Science,Manufacturing,58%,74%,52%,338,"3,322","12,019","64,398",8.30%,"12,162",74%,"$43,374",79%,Business Management & Administration (bachelor's),Finance (bachelor's),Information Technology (bachelor's),"1,361,336","Sales Representatives, Wholesale and Manufacturing, Except Technical and Scientific Products",General and Operations Managers,Registered Nurses,FAFSA Completion,NC Pre-K Enrollment,CCP Enrollment,"107,538",68%,0%,1%,26%,7%,7%,59%,75%,214,5%,854,149,"1,560",7.071997143,149519,149519000,10517.65616
County,Columbus County,Sandhills,Fayetteville-Lumberton,Rural Non-Metro,2,17%,31%,31%,9%,9%,4%,"56,424","56,219","7,671","1,545","$36,862",36%,61%,20,5,25%,82%,40%,33%,35%,55%,10%,86%,48%,19%,128,5%,630,24%,219,Health Science,"Agricultural, Food, & Natural Resources",Hospitality & Tourism,56%,75%,41%,365,"1,621","6,792","32,293",15.40%,"5,110",64%,"$36,969",75%,Health Science (above below bachelor's),Information Technology (bachelor's),Finance (bachelor's),"258,519",Registered Nurses,"Business Operations Specialists, All Other",General and Operations Managers,Postsecondary Completion,FAFSA Completion,Disconnected Youth,"52,924",54%,4%,0%,33%,12%,5%,47%,78%,320,12%,779,179,587,4.427911947,79230,79230000,10328.50997
County,Craven County,Southeast,Jacksonville-New Bern,Rural Metro,1,11%,22%,30%,11%,17%,8%,"103,594","104,846","13,329","2,652","$50,748",22%,81%,25,6,24%,38%,43%,33%,36%,56%,8%,87%,52%,16%,373,10%,667,17%,366,Health Science,"Agricultural, Food, & Natural Resources",Hospitality & Tourism,59%,73%,48%,370,143,"2,183","14,913",5.40%,"2,013",60%,"$30,995",56%,Health Science (above below bachelor's),Business Management & Administration (bachelor's),Education & Training (bachelor's),"143,212",Registered Nurses,"Business Operations Specialists, All Other",General and Operations Managers,NC Pre-K Enrollment,Low-Performing Schools,Adult Learners,"18,513",63%,0%,5%,26%,12%,8%,49%,73%,399,10%,0,"1,098","1,554",8.018537034,129492,129492000,9715.057394
County,Cumberland County,Sandhills,Fayetteville-Lumberton,Suburban,1,7%,21%,34%,12%,19%,8%,"331,764","335,069","49,503","9,532","$46,779",24%,82%,80,23,29%,57%,41%,32%,36%,45%,19%,84%,56%,19%,"1,728",12%,"1,767",12%,"1,996",Hospitality & Tourism,"Agricultural, Food, & Natural Resources",Information Technology,61%,74%,46%,351,"1,621","6,792","32,293",8.90%,"5,110",64%,"$36,969",75%,Health Science (above below bachelor's),Information Technology (bachelor's),Finance (bachelor's),"258,519",Registered Nurses,"Business Operations Specialists, All Other",General and Operations Managers,Low-Performing Schools,Math Performance,Postsecondary Completion,"52,924",54%,1%,2%,44%,14%,10%,28%,76%,783,5%,"1,273","4,754","3,505",30.7302138,474272,474272000,9580.671878
County,Currituck County,Northeast,Elizabeth City,Rural Metro,1,9%,22%,35%,10%,19%,6%,"27,099","32,219","4,049",500,"$64,426",14%,80%,10,0,0%,51%,46%,42%,10%,70%,20%,87%,44%,12%,110,9%,281,23%,179,"Agricultural, Food, & Natural Resources",Hospitality & Tourism,"Transportation, Distribution, & Logistics",57%,73%,53%,337,8,603,"4,933",13.00%,580,64%,"$30,932",60%,Health Science (all levels),"Transportation, Distribution & Logistics (below bachelor's)",Finance (bachelor's),"67,624",General and Operations Managers,First-Line Supervisors of Construction Trades and Extraction Workers,Accountants and Auditors,FAFSA Completion,Adult Learners,Disconnected Youth,"7,009",52%,0%,1%,4%,7%,10%,79%,64%,279,22%,38,22,440,1.446244571,43509,43509000,10745.6162
County,Dare County,Northeast,Elizabeth City,Rural Non-Metro,1,9%,23%,29%,11%,19%,9%,"36,997","39,333","5,108",565,"$64,768",14%,87%,10,0,0%,60%,55%,47%,10%,40%,50%,91%,74%,20%,348,22%,217,14%,90,Architecture and Construction,"Arts, Audio/Video Technology, & Communications",Health Science,63%,80%,54%,319,8,603,"4,933",2.40%,580,64%,"$30,932",60%,Health Science (all levels),"Transportation, Distribution & Logistics (below bachelor's)",Finance (bachelor's),"67,624",General and Operations Managers,First-Line Supervisors of Construction Trades and Extraction Workers,Accountants and Auditors,CCP Enrollment,Adult Learners,NC Pre-K Enrollment,"7,009",52%,0%,1%,2%,18%,5%,74%,84%,0,0%,0,86,479,1.894283501,60192,60192000,11783.86844
County,Davidson County,Piedmont-Triad,Winston-Salem,Suburban,3,13%,29%,24%,13%,16%,5%,"168,093","184,987","23,847","4,630","$47,758",23%,76%,43,3,7%,39%,43%,42%,16%,52%,32%,86%,56%,10%,997,13%,826,11%,"1,545","Agricultural, Food, & Natural Resources",Health Science,Hospitality & Tourism,59%,75%,53%,356,974,"4,264","24,064",8.60%,"3,894",75%,"$40,459",81%,Finance (bachelor's),Business Management & Administration (bachelor's),Marketing (bachelor's),"324,711",Registered Nurses,General and Operations Managers,"Sales Representatives, Wholesale and Manufacturing, Except Technical and Scientific Products",NC Pre-K Enrollment,AP Participation,First-Year Persistence,"33,211",58%,0%,2%,10%,16%,5%,67%,78%,292,4%,320,"1,242","3,068",11.20106806,226250,226250000,9487.56657
County,Davie County,Piedmont-Triad,Winston-Salem,Rural Metro,1,13%,27%,26%,11%,15%,7%,"42,976","49,615","6,100",860,"$60,801",16%,81%,11,0,0%,96%,49%,48%,18%,45%,36%,86%,60%,11%,344,18%,260,14%,210,Health Science,Architecture and Construction,"Agricultural, Food, & Natural Resources",63%,76%,62%,407,974,"4,264","24,064",5.10%,"3,894",75%,"$40,459",81%,Finance (bachelor's),Business Management & Administration (bachelor's),Marketing (bachelor's),"324,711",Registered Nurses,General and Operations Managers,"Sales Representatives, Wholesale and Manufacturing, Except Technical and Scientific Products",CCP Enrollment,School Counselors,Adult Learners,"33,211",58%,0%,1%,7%,15%,5%,72%,79%,173,9%,0,72,788,2.537998199,57741,57741000,9465.737705
County,Duplin County,Southeast,Goldsboro-Kinston,Rural Non-Metro,1,27%,28%,23%,11%,8%,3%,"59,772","59,932","9,450",465,"$42,725",31%,61%,13,3,23%,46%,32%,26%,15%,46%,38%,84%,63%,15%,123,5%,513,19%,644,"Agricultural, Food, & Natural Resources",Health Science,Business Management & Administration,57%,77%,51%,394,96,"3,446","17,300",8.10%,"1,581",75%,"$32,495",63%,Health Science (above bachelor's),Finance (bachelor's),Human Services (above bachelor's),"102,508",Registered Nurses,General and Operations Managers,"Sales Representatives, Wholesale and Manufacturing, Except Technical and Scientific Products",NC Pre-K Enrollment,Math Performance,Reading Performance,"14,028",67%,1%,0%,21%,43%,3%,32%,76%,207,8%,0,117,348,5.250480899,95893,95893000,10147.40741
County,Durham County,North Central,Raleigh-Durham,Urban,1,12%,14%,16%,6%,28%,24%,"311,163","366,111","32,256","14,017","$59,329",19%,85%,49,11,22%,29%,36%,31%,18%,35%,47%,83%,59%,19%,"2,155",21%,886,9%,699,Health Science,"Science, Technology, Engineering, & Mathematics","Agricultural, Food, & Natural Resources",58%,76%,55%,310,"2,661","12,867","67,583",5.10%,"22,190",59%,"$52,133",80%,Information Technology (bachelor's),Marketing (bachelor's),Finance (bachelor's),"1,166,888",Registered Nurses,"Software Developers, Applications",General and Operations Managers,Math Performance,Reading Performance,Transition to Postsecondary,"139,487",73%,0%,2%,42%,33%,4%,19%,79%,"1,241",12%,"6,775","4,926","2,316",18.61545892,399415,399415000,12382.65749
County,Edgecombe County,North Central,Rocky Mount-Wilson,Rural Metro,1,14%,37%,24%,13%,8%,3%,"52,724","51,062","5,753","1,382","$38,818",37%,62%,14,8,57%,58%,25%,21%,21%,36%,43%,79%,54%,21%,108,6%,447,25%,366,"Agricultural, Food, & Natural Resources",Hospitality & Tourism,Business Management & Administration,54%,70%,37%,338,327,"1,711","13,104",15.90%,"1,058",82%,"$35,382",69%,Health Science (above below bachelor's),Finance (bachelor's),"Transportation, Distribution & Logistics (below bachelor's)","99,203",Registered Nurses,General and Operations Managers,First-Line Supervisors of Production and Operating Workers,Low-Performing Schools,Reading Performance,Math Performance,"13,632",43%,0%,0%,56%,11%,4%,28%,77%,181,10%,912,0,470,2.788462247,62788,62788000,10913.95793
County,Forsyth County,Piedmont-Triad,Winston-Salem,Urban,1,12%,21%,23%,8%,23%,13%,"376,309","418,257","53,475","12,083","$50,112",25%,79%,70,21,30%,26%,43%,38%,19%,43%,38%,86%,56%,21%,"3,234",20%,513,3%,"1,153",Health Science,Hospitality & Tourism,"Science, Technology, Engineering, & Mathematics",62%,78%,55%,364,974,"4,264","24,064",6.30%,"3,894",75%,"$40,459",81%,Finance (bachelor's),Business Management & Administration (bachelor's),Marketing (bachelor's),"324,711",Registered Nurses,General and Operations Managers,"Sales Representatives, Wholesale and Manufacturing, Except Technical and Scientific Products",NC Pre-K Enrollment,Low-Performing Schools,Math Performance,"33,211",58%,0%,3%,28%,27%,4%,37%,81%,345,2%,"2,932","4,255","4,896",32.31727367,552183,552183000,10326.00281
County,Franklin County,North Central,Raleigh-Durham,Rural Metro,1,16%,24%,25%,11%,17%,7%,"68,012","81,204","8,061","2,439","$57,710",20%,75%,16,0,0%,38%,39%,33%,25%,56%,19%,85%,60%,17%,384,15%,285,11%,358,"Agricultural, Food, & Natural Resources",Hospitality & Tourism,Information Technology,61%,76%,44%,448,"2,661","12,867","67,583",10.30%,"22,190",59%,"$52,133",80%,Information Technology (bachelor's),Marketing (bachelor's),Finance (bachelor's),"1,166,888",Registered Nurses,"Software Developers, Applications",General and Operations Managers,NC Pre-K Enrollment,CCP Enrollment,Postsecondary Completion,"139,487",73%,0%,1%,30%,21%,6%,41%,74%,184,7%,570,144,"1,725",4.711244952,82596,82596000,10246.37142
County,Gaston County,Southwest,Charlotte,Suburban,1,12%,27%,25%,11%,18%,7%,"221,006","239,285","30,857","8,021","$52,798",19%,78%,50,11,22%,61%,40%,38%,24%,37%,39%,85%,51%,18%,"1,547",17%,855,9%,"1,386",Architecture and Construction,Health Science,"Agricultural, Food, & Natural Resources",56%,73%,50%,351,"3,322","12,019","64,398",8.60%,"12,162",74%,"$43,374",79%,Business Management & Administration (bachelor's),Finance (bachelor's),Information Technology (bachelor's),"1,361,336","Sales Representatives, Wholesale and Manufacturing, Except Technical and Scientific Products",General and Operations Managers,Registered Nurses,Reading Performance,Transition to Postsecondary,Low-Performing Schools,"107,538",68%,0%,2%,22%,15%,7%,54%,74%,234,2%,"2,790","2,220","3,011",17.26763532,292508,292508000,9479.469812
County,Gates County,Northeast,Elizabeth City,Rural Metro,1,6%,35%,29%,17%,8%,5%,"12,094","12,254","1,618",244,"$51,746",21%,67%,5,1,20%,94%,38%,38%,40%,60%,0%,82%,52%,21%,1,0%,93,20%,61,"Agricultural, Food, & Natural Resources",Health Science,Hospitality & Tourism,56%,76%,50%,270,8,603,"4,933",6.80%,580,64%,"$30,932",60%,Health Science (all levels),"Transportation, Distribution & Logistics (below bachelor's)",Finance (bachelor's),"67,624",General and Operations Managers,First-Line Supervisors of Construction Trades and Extraction Workers,Accountants and Auditors,AP Participation,Chronic Absenteeism,Adult Learners,"7,009",52%,0%,0%,29%,3%,8%,60%,70%,0,0%,0,0,244,0.7234205089,19782,19782000,12226.20519
County,Graham County,Western,Waynesville-Franklin,Rural Non-Metro,1,10%,33%,27%,13%,10%,6%,"8,686","8,686","1,093",211,"$39,502",26%,50%,3,0,0%,53%,38%,30%,0%,100%,0%,84%,67%,23%,31,9%,87,25%,35,Health Science,Hospitality & Tourism,Manufacturing,51%,75%,50%,364,18,"1,489","10,302",17.70%,"3,691",70%,"$39,941",80%,Health Science (above bachelor's),n.a.,n.a.,"81,375",Registered Nurses,General and Operations Managers,First-Line Supervisors of Construction Trades and Extraction Workers,NC Pre-K Enrollment,Disconnected Youth,Chronic Absenteeism,"17,345",74%,16%,1%,0%,4%,1%,78%,55%,0,0%,0,0,211,0.3506412253,15155,15155000,13865.50778
County,Granville County,North Central,Raleigh-Durham,Rural Metro,1,12%,29%,24%,10%,17%,7%,"60,700","69,540","7,314","2,462","$58,956",19%,76%,19,9,47%,59%,35%,27%,47%,32%,21%,83%,42%,16%,288,12%,310,13%,260,"Agricultural, Food, & Natural Resources","Science, Technology, Engineering, & Mathematics",Health Science,55%,78%,46%,305,"2,661","12,867","67,583",14.00%,"22,190",59%,"$52,133",80%,Information Technology (bachelor's),Marketing (bachelor's),Finance (bachelor's),"1,166,888",Registered Nurses,"Software Developers, Applications",General and Operations Managers,Low-Performing Schools,FAFSA Completion,Math Performance,"139,487",73%,0%,1%,34%,20%,4%,40%,77%,209,9%,"1,489",45,928,4.142401,71778,71778000,9813.781788
County,Greene County,Southeast,Goldsboro-Kinston,Rural Non-Metro,1,26%,30%,25%,8%,10%,2%,"21,024","21,050","2,885",286,"$43,591",34%,72%,5,2,40%,42%,29%,25%,40%,20%,40%,95%,57%,14%,44,5%,301,34%,106,Health Science,Manufacturing,"Agricultural, Food, & Natural Resources",55%,72%,46%,361,96,"3,446","17,300",12.50%,"1,581",75%,"$32,495",63%,Health Science (above bachelor's),Finance (bachelor's),Human Services (above bachelor's),"102,508",Registered Nurses,General and Operations Managers,"Sales Representatives, Wholesale and Manufacturing, Except Technical and Scientific Products",NC Pre-K Enrollment,Low-Performing Schools,Reading Performance,"14,028",67%,0%,0%,36%,32%,3%,28%,78%,149,17%,0,104,182,1.585344188,35413,35413000,12274.87002
County,Guilford County,Piedmont-Triad,Greensboro,Urban,1,10%,19%,24%,9%,24%,12%,"534,346","615,227","71,029","19,053","$52,166",23%,73%,117,36,31%,65%,43%,36%,26%,52%,22%,89%,63%,18%,"5,694",25%,"1,716",8%,"1,984",Health Science,"Science, Technology, Engineering, & Mathematics",Business Management & Administration,67%,78%,51%,326,739,"6,843","34,670",6.70%,"8,688",71%,"$41,392",84%,"Transportation, Distribution & Logistics (below bachelor's)",Health Science (above bachelor's),Finance (bachelor's),"469,667",Registered Nurses,"Sales Representatives, Wholesale and Manufacturing, Except Technical and Scientific Products",General and Operations Managers,Math Performance,Low-Performing Schools,Postsecondary Completion,"71,877",72%,0%,7%,40%,17%,6%,30%,83%,"2,821",13%,"7,163","6,523","5,367",45.28474318,782284,782284000,11013.586
County,Halifax County,Northeast,Greenville,Rural Non-Metro,3,15%,39%,23%,10%,10%,4%,"51,552","47,259","5,897","1,300","$36,760",34%,57%,19,8,42%,72%,31%,27%,32%,53%,16%,83%,52%,23%,132,7%,337,19%,293,Hospitality & Tourism,"Agricultural, Food, & Natural Resources",Health Science,59%,60%,42%,295,347,"2,779","19,098",15.60%,"8,237",70%,"$47,838",84%,"Agriculture, Food & Natural Resources (bachelor's)","Transportation, Distribution & Logistics (bachelor's)",n.a.,"154,964",Registered Nurses,General and Operations Managers,First-Line Supervisors of Construction Trades and Extraction Workers,Low-Performing Schools,First-Year Persistence,Reading Performance,"44,903",70%,3%,1%,57%,5%,4%,30%,70%,142,8%,437,451,412,3.013355707,69733,69733000,11825.16534
County,Harnett County,North Central,Raleigh-Durham,Rural Metro,1,12%,24%,27%,11%,17%,8%,"133,172","158,563","20,097","3,581","$51,225",20%,76%,25,6,24%,28%,39%,34%,27%,38%,35%,87%,53%,16%,587,10%,889,15%,900,"Agricultural, Food, & Natural Resources",Architecture and Construction,Health Science,53%,70%,46%,372,"2,661","12,867","67,583",10.20%,"22,190",59%,"$52,133",80%,Information Technology (bachelor's),Marketing (bachelor's),Finance (bachelor's),"1,166,888",Registered Nurses,"Software Developers, Applications",General and Operations Managers,NC Pre-K Enrollment,Low-Performing Schools,First-Year Persistence,"139,487",73%,1%,1%,24%,23%,8%,44%,77%,80,1%,244,398,"2,939",12.36379546,188041,188041000,9356.67015
County,Haywood County,Western,Waynesville-Franklin,Rural Metro,1,12%,23%,23%,18%,17%,8%,"62,839","68,680","7,026","1,431","$47,183",22%,69%,14,0,0%,53%,50%,46%,47%,40%,13%,85%,64%,10%,146,7%,462,21%,493,"Agricultural, Food, & Natural Resources",Manufacturing,Architecture and Construction,59%,78%,58%,413,18,"1,489","10,302",8.00%,"3,691",70%,"$39,941",80%,Health Science (above bachelor's),n.a.,n.a.,"81,375",Registered Nurses,General and Operations Managers,First-Line Supervisors of Construction Trades and Extraction Workers,AP Participation,School Counselors,NC Pre-K Enrollment,"17,345",74%,1%,1%,1%,9%,4%,85%,73%,183,8%,381,129,921,2.010567626,75937,75937000,10807.99886
County,Henderson County,Western,Asheville,Suburban,1,10%,22%,27%,11%,21%,8%,"116,857","132,035","13,151","3,899","$54,012",16%,80%,22,0,0%,35%,52%,48%,17%,52%,30%,92%,52%,11%,637,16%,520,13%,527,Hospitality & Tourism,"Agricultural, Food, & Natural Resources",Architecture and Construction,58%,77%,56%,424,553,"3,207","22,514",6.80%,"2,836",69%,"$33,116",71%,Health Science (all levels),"Transportation, Distribution & Logistics (below bachelor's)",Finance (bachelor's),"255,306",Registered Nurses,General and Operations Managers,"Sales Representatives, Services, All Other",NC Pre-K Enrollment,School Counselors,Transition to Postsecondary,"23,862",65%,0%,2%,4%,26%,4%,64%,79%,202,5%,472,922,"2,505",5.88648087,129578,129578000,9853.09102
County,Hertford County,Northeast,Greenville,Rural Non-Metro,1,12%,36%,27%,10%,12%,4%,"24,093","24,006","2,682",592,"$38,216",32%,60%,7,3,43%,103%,25%,17%,43%,29%,29%,79%,69%,28%,0,0%,288,35%,164,Health Science,Information Technology,Hospitality & Tourism,67%,69%,43%,268,347,"2,779","19,098",7.80%,"8,237",70%,"$47,838",84%,"Agriculture, Food & Natural Resources (bachelor's)","Transportation, Distribution & Logistics (bachelor's)",n.a.,"154,964",Registered Nurses,General and Operations Managers,First-Line Supervisors of Construction Trades and Extraction Workers,Low-Performing Schools,Math Performance,Reading Performance,"44,903",70%,1%,1%,78%,4%,4%,12%,73%,179,22%,0,447,145,0.9806161211,30304,30304000,11299.03057
County,Hoke County,Sandhills,Fayetteville-Lumberton,Rural Metro,1,10%,26%,30%,13%,15%,6%,"53,992","66,691","8,696","1,123","$47,892",26%,78%,13,1,8%,71%,39%,34%,29%,29%,43%,80%,44%,16%,267,12%,509,22%,185,Health Science,"Agricultural, Food, & Natural Resources",Human Services,48%,74%,37%,512,"1,621","6,792","32,293",9.10%,"5,110",64%,"$36,969",75%,Health Science (above below bachelor's),Information Technology (bachelor's),Finance (bachelor's),"258,519",Registered Nurses,"Business Operations Specialists, All Other",General and Operations Managers,Postsecondary Completion,FAFSA Completion,Transition to Postsecondary,"52,924",54%,8%,1%,33%,23%,11%,24%,61%,397,17%,0,115,"1,008",6.155246692,87240,87240000,10032.19871
County,Hyde County,Northeast,Elizabeth City,Rural Non-Metro,1,20%,33%,35%,8%,4%,1%,"5,198","4,929",561,119,"$40,653",32%,55%,3,1,33%,60%,42%,33%,0%,33%,67%,77%,53%,18%,4,3%,85,57%,14,"Agricultural, Food, & Natural Resources",Manufacturing,Hospitality & Tourism,58%,73%,36%,187,8,603,"4,933",0.00%,580,64%,"$30,932",60%,Health Science (all levels),"Transportation, Distribution & Logistics (below bachelor's)",Finance (bachelor's),"67,624",General and Operations Managers,First-Line Supervisors of Construction Trades and Extraction Workers,Accountants and Auditors,Low-Performing Schools,Postsecondary Completion,Adult Learners,"7,009",52%,0%,0%,23%,23%,4%,50%,66%,100,67%,0,25,94,0.2967368563,11631,11631000,20732.62032
County,Iredell County,Southwest,Charlotte,Suburban,2,10%,24%,25%,12%,21%,8%,"178,730","210,452","26,121","8,915","$60,044",14%,80%,42,5,12%,35%,49%,46%,28%,40%,33%,89%,56%,12%,"1,806",21%,"1,122",13%,"1,074","Agricultural, Food, & Natural Resources",Health Science,Hospitality & Tourism,63%,79%,58%,421,"3,322","12,019","64,398",7.00%,"12,162",74%,"$43,374",79%,Business Management & Administration (bachelor's),Finance (bachelor's),Information Technology (bachelor's),"1,361,336","Sales Representatives, Wholesale and Manufacturing, Except Technical and Scientific Products",General and Operations Managers,Registered Nurses,NC Pre-K Enrollment,School Counselors,FAFSA Completion,"107,538",68%,0%,3%,14%,14%,6%,63%,75%,624,7%,"4,785","1,184","2,946",13.42247035,254075,254075000,9726.84813
County,Jackson County,Western,Waynesville-Franklin,Rural Non-Metro,1,9%,24%,23%,14%,18%,12%,"43,819","49,995","3,584",876,"$44,502",21%,67%,8,3,38%,53%,40%,32%,33%,44%,22%,89%,54%,24%,94,8%,331,29%,110,Health Science,Architecture and Construction,"Arts, Audio/Video Technology, & Communications",56%,69%,57%,398,18,"1,489","10,302",3.00%,"3,691",70%,"$39,941",80%,Health Science (above bachelor's),n.a.,n.a.,"81,375",Registered Nurses,General and Operations Managers,First-Line Supervisors of Construction Trades and Extraction Workers,Low-Performing Schools,NC Pre-K Enrollment,Chronic Absenteeism,"17,345",74%,6%,1%,1%,16%,5%,70%,81%,241,21%,235,206,435,1.570173673,39865,39865000,11123.04688
County,Johnston County,North Central,Raleigh-Durham,Suburban,1,13%,24%,26%,13%,17%,7%,"199,790","269,736","36,210","5,688","$60,296",17%,76%,45,14,31%,32%,39%,33%,42%,36%,22%,94%,54%,12%,927,8%,"1,310",12%,"1,838","Agricultural, Food, & Natural Resources",Health Science,Business Management & Administration,59%,79%,55%,458,"2,661","12,867","67,583",8.60%,"22,190",59%,"$52,133",80%,Information Technology (bachelor's),Marketing (bachelor's),Finance (bachelor's),"1,166,888",Registered Nurses,"Software Developers, Applications",General and Operations Managers,Low-Performing Schools,NC Pre-K Enrollment,Math Performance,"139,487",73%,0%,1%,16%,26%,5%,52%,76%,428,4%,"1,541",496,"3,651",19.67254432,346660,346660000,9573.598453
County,Jones County,Southeast,Jacksonville-New Bern,Rural Metro,1,18%,31%,32%,7%,8%,5%,"10,196","10,195","1,007",216,"$43,302",29%,57%,6,0,0%,110%,47%,37%,17%,67%,17%,94%,50%,24%,21,7%,91,31%,65,"Agricultural, Food, & Natural Resources",Health Science,Business Management & Administration,40%,56%,36%,168,143,"2,183","14,913",17.70%,"2,013",60%,"$30,995",56%,Health Science (above below bachelor's),Business Management & Administration (bachelor's),Education & Training (bachelor's),"143,212",Registered Nurses,"Business Operations Specialists, All Other",General and Operations Managers,First-Year Persistence,Transition to Postsecondary,Postsecondary Completion,"18,513",63%,0%,0%,35%,11%,7%,47%,40%,0,0%,0,0,216,0.5324126178,14533,14533000,14431.97617
County,Lee County,North Central,Raleigh-Durham,Rural Non-Metro,1,19%,23%,24%,14%,15%,5%,"60,878","68,325","9,790","1,556","$48,984",23%,74%,13,2,15%,76%,40%,37%,36%,29%,36%,88%,58%,12%,297,10%,613,21%,444,Hospitality & Tourism,"Arts, Audio/Video Technology, & Communications",Business Management & Administration,56%,74%,53%,466,"2,661","12,867","67,583",5.90%,"22,190",59%,"$52,133",80%,Information Technology (bachelor's),Marketing (bachelor's),Finance (bachelor's),"1,166,888",Registered Nurses,"Software Developers, Applications",General and Operations Managers,School Counselors,Transition to Postsecondary,Reading Performance,"139,487",73%,0%,1%,19%,38%,6%,36%,71%,284,10%,162,675,719,5.706859626,92542,92542000,9452.706844
County,Lenoir County,Southeast,Goldsboro-Kinston,Rural Non-Metro,1,19%,28%,25%,13%,11%,4%,"56,856","51,883","8,425","1,781","$40,433",38%,74%,16,5,31%,42%,36%,28%,35%,59%,6%,85%,57%,18%,96,4%,570,24%,509,"Agricultural, Food, & Natural Resources",Hospitality & Tourism,Architecture and Construction,58%,70%,44%,366,96,"3,446","17,300",5.30%,"1,581",75%,"$32,495",63%,Health Science (above bachelor's),Finance (bachelor's),Human Services (above bachelor's),"102,508",Registered Nurses,General and Operations Managers,"Sales Representatives, Wholesale and Manufacturing, Except Technical and Scientific Products",NC Pre-K Enrollment,Low-Performing Schools,Math Performance,"14,028",67%,0%,1%,47%,14%,3%,34%,77%,181,7%,176,"1,031",574,4.453948945,85683,85683000,10170.08902
County,Lincoln County,Southwest,Charlotte,Suburban,1,12%,30%,23%,11%,16%,8%,"84,751","99,743","11,344","3,375","$62,963",15%,79%,20,1,5%,45%,53%,49%,20%,70%,10%,91%,51%,13%,876,25%,470,13%,395,Health Science,Hospitality & Tourism,"Agricultural, Food, & Natural Resources",58%,76%,55%,334,"3,322","12,019","64,398",8.20%,"12,162",74%,"$43,374",79%,Business Management & Administration (bachelor's),Finance (bachelor's),Information Technology (bachelor's),"1,361,336","Sales Representatives, Wholesale and Manufacturing, Except Technical and Scientific Products",General and Operations Managers,Registered Nurses,FAFSA Completion,Transition to Postsecondary,First-Year Persistence,"107,538",68%,0%,1%,6%,12%,9%,73%,80%,0,0%,"2,091",113,"1,171",4.782915096,104812,104812000,9239.421721
County,Macon County,Western,Waynesville-Franklin,Rural Non-Metro,1,13%,28%,24%,11%,18%,7%,"36,101","40,862","4,367",806,"$46,426",26%,71%,9,1,11%,53%,47%,38%,18%,64%,18%,93%,61%,15%,116,9%,382,30%,184,"Agricultural, Food, & Natural Resources",Hospitality & Tourism,Architecture and Construction,55%,77%,58%,437,18,"1,489","10,302",2.50%,"3,691",70%,"$39,941",80%,Health Science (above bachelor's),n.a.,n.a.,"81,375",Registered Nurses,General and Operations Managers,First-Line Supervisors of Construction Trades and Extraction Workers,NC Pre-K Enrollment,School Counselors,Transition to Postsecondary,"17,345",74%,0%,1%,1%,20%,2%,76%,74%,149,12%,0,59,747,1.406120789,47374,47374000,10848.17953
County,Madison County,Western,Asheville,Rural Metro,1,8%,30%,20%,10%,21%,11%,"22,361","25,251","2,234",740,"$44,693",23%,71%,6,0,0%,42%,53%,47%,33%,17%,50%,88%,47%,16%,41,5%,342,45%,130,"Agricultural, Food, & Natural Resources",Architecture and Construction,Health Science,45%,64%,59%,559,553,"3,207","22,514",1.60%,"2,836",69%,"$33,116",71%,Health Science (all levels),"Transportation, Distribution & Logistics (below bachelor's)",Finance (bachelor's),"255,306",Registered Nurses,General and Operations Managers,"Sales Representatives, Services, All Other",Transition to Postsecondary,NC Pre-K Enrollment,First-Year Persistence,"23,862",65%,0%,0%,0%,4%,2%,93%,63%,244,32%,0,62,678,0.2807339579,26778,26778000,11986.57117
County,Martin County,Northeast,Greenville,Rural Non-Metro,1,12%,26%,28%,14%,13%,8%,"23,264","21,914","2,898",639,"$43,569",31%,62%,7,4,57%,88%,32%,25%,57%,43%,0%,72%,74%,18%,3,0%,121,16%,140,"Agricultural, Food, & Natural Resources",Hospitality & Tourism,Health Science,63%,74%,47%,290,347,"2,779","19,098",3.90%,"8,237",70%,"$47,838",84%,"Agriculture, Food & Natural Resources (bachelor's)","Transportation, Distribution & Logistics (bachelor's)",n.a.,"154,964",Registered Nurses,General and Operations Managers,First-Line Supervisors of Construction Trades and Extraction Workers,Low-Performing Schools,High School Graduation,Math Performance,"44,903",70%,0%,1%,51%,9%,4%,35%,75%,0,0%,409,0,230,1.467036872,34335,34335000,11847.82609
County,McDowell County,Northwest,Hickory,Rural Non-Metro,1,13%,29%,26%,15%,13%,4%,"46,373","49,474","5,871","1,232","$43,972",21%,70%,14,0,0%,76%,44%,36%,0%,57%,43%,83%,48%,16%,174,10%,505,29%,253,Manufacturing,"Arts, Audio/Video Technology, & Communications",Architecture and Construction,48%,74%,50%,326,300,"3,422","22,503",7.90%,"2,073",82%,"$33,373",64%,"Transportation, Distribution & Logistics (below bachelor's)",Health Science (above below bachelor's) and,Business Management & Administration (bachelor's),"188,511",Registered Nurses,First-Line Supervisors of Production and Operating Workers,"Sales Representatives, Wholesale and Manufacturing, Except Technical and Scientific Products",Transition to Postsecondary,FAFSA Completion,High School Graduation,"16,315",52%,0%,1%,3%,14%,5%,76%,73%,336,19%,0,222,"1,010",2.119514178,61784,61784000,10523.59053
County,Mecklenburg County,Southwest,Charlotte,Urban,1,10%,14%,19%,7%,34%,16%,"1,088,350","1,348,822","146,661","45,318","$64,509",17%,86%,166,42,25%,27%,44%,47%,29%,45%,27%,86%,56%,15%,"9,403",22%,"2,383",6%,"3,549",Hospitality & Tourism,"Science, Technology, Engineering, & Mathematics",Health Science,63%,79%,58%,314,"3,322","12,019","64,398",5.30%,"12,162",74%,"$43,374",79%,Business Management & Administration (bachelor's),Finance (bachelor's),Information Technology (bachelor's),"1,361,336","Sales Representatives, Wholesale and Manufacturing, Except Technical and Scientific Products",General and Operations Managers,Registered Nurses,NC Pre-K Enrollment,Transition to Postsecondary,AP Participation,"107,538",68%,0%,7%,36%,27%,3%,27%,82%,"1,613",4%,"16,503","18,530","10,285",92.30945553,1458304,1458304000,9943.365994
County,Mitchell County,Northwest,Boone-Wilkesboro,Rural Non-Metro,1,14%,29%,24%,11%,19%,2%,"15,223","15,310","1,824",327,"$43,967",24%,67%,6,0,0%,56%,45%,37%,33%,50%,17%,88%,40%,10%,42,7%,262,43%,163,Health Science,Manufacturing,"Agricultural, Food, & Natural Resources",60%,77%,59%,304,12,"1,740","8,809",6.20%,"5,225",70%,"$41,744",72%,"Transportation, Distribution & Logistics (below bachelor's)",n.a.,n.a.,"84,705",Registered Nurses,General and Operations Managers,First-Line Supervisors of Construction Trades and Extraction Workers,FAFSA Completion,NC Pre-K Enrollment,AP Participation,"28,661",75%,0%,1%,0%,12%,4%,83%,72%,128,21%,0,66,261,0.4878033314,20962,20962000,11492.32456
County,Montgomery County,Sandhills,Pinehurst-Rockingham,Rural Non-Metro,1,19%,37%,22%,11%,8%,3%,"27,621","28,158","3,786",548,"$47,757",26%,67%,10,1,10%,102%,35%,31%,36%,27%,36%,91%,53%,17%,29,3%,377,34%,173,Health Science,"Agricultural, Food, & Natural Resources","Transportation, Distribution, & Logistics",48%,70%,43%,421,24,"1,920","14,381",14.40%,"1,497",72%,"$32,460",50%,Health Science (above below bachelor's),Education & Training (bachelor's),Business Management & Administration (bachelor's),"69,044",Registered Nurses,General and Operations Managers,"Sales Representatives, Services, All Other",Transition to Postsecondary,AP Participation,Postsecondary Completion,"9,578",47%,0%,2%,20%,35%,4%,39%,73%,178,16%,0,89,459,2.201605136,41647,41647000,11000.26413
County,Moore County,Sandhills,Pinehurst-Rockingham,Rural Non-Metro,1,8%,21%,22%,13%,22%,14%,"99,390","119,674","12,668","3,826","$59,471",15%,81%,20,4,20%,12%,49%,41%,33%,57%,10%,91%,62%,13%,710,18%,969,24%,473,"Agricultural, Food, & Natural Resources",Health Science,Hospitality & Tourism,70%,77%,56%,302,24,"1,920","14,381",10.70%,"1,497",72%,"$32,460",50%,Health Science (above below bachelor's),Education & Training (bachelor's),Business Management & Administration (bachelor's),"69,044",Registered Nurses,General and Operations Managers,"Sales Representatives, Services, All Other",NC Pre-K Enrollment,Disconnected Youth,Low-Performing Schools,"9,578",47%,1%,1%,14%,14%,7%,63%,85%,0,0%,972,"1,074","1,780",6.530921296,120917,120917000,9545.074203
County,Nash County,North Central,Rocky Mount-Wilson,Rural Metro,1,10%,33%,22%,11%,15%,9%,"95,327","97,276","14,763","3,734","$50,122",23%,73%,24,13,54%,58%,31%,22%,40%,44%,16%,82%,52%,19%,270,6%,652,15%,582,Hospitality & Tourism,"Agricultural, Food, & Natural Resources",Health Science,60%,70%,48%,379,327,"1,711","13,104",5.90%,"1,058",82%,"$35,382",69%,Health Science (above below bachelor's),Finance (bachelor's),"Transportation, Distribution & Logistics (below bachelor's)","99,203",Registered Nurses,General and Operations Managers,First-Line Supervisors of Production and Operating Workers,Low-Performing Schools,Math Performance,Reading Performance,"13,632",43%,1%,1%,52%,13%,4%,30%,80%,349,8%,"1,165","1,280","1,289",8.07132974,144378,144378000,9779.719569
County,New Hanover County,Southeast,Wilmington,Urban,1,6%,18%,22%,11%,31%,12%,"232,248","276,409","25,512","7,023","$53,419",19%,84%,38,5,13%,56%,52%,50%,28%,55%,18%,88%,52%,15%,"1,614",20%,883,11%,608,Hospitality & Tourism,Information Technology,"Arts, Audio/Video Technology, & Communications",68%,80%,57%,364,254,"1,943","14,610",6.50%,"6,301",66%,"$40,372",80%,Finance (bachelor's),Health Science (above bachelor's),"Transportation, Distribution & Logistics (below bachelor's)","207,875",Registered Nurses,General and Operations Managers,First-Line Supervisors of Construction Trades and Extraction Workers,FAFSA Completion,AP Participation,Adult Learners,"35,429",69%,0%,2%,17%,16%,5%,60%,84%,556,7%,"1,685","3,144","2,194",13.26763078,272917,272917000,10697.59329
County,Northampton County,Northeast,Greenville,Rural Non-Metro,1,15%,38%,19%,13%,10%,5%,"20,618","18,379","1,517","1,537","$37,233",34%,51%,7,5,71%,94%,19%,15%,43%,43%,14%,72%,53%,31%,0,0%,129,28%,57,Hospitality & Tourism,"Agricultural, Food, & Natural Resources",Manufacturing,44%,56%,38%,253,347,"2,779","19,098",4.40%,"8,237",70%,"$47,838",84%,"Agriculture, Food & Natural Resources (bachelor's)","Transportation, Distribution & Logistics (bachelor's)",n.a.,"154,964",Registered Nurses,General and Operations Managers,First-Line Supervisors of Construction Trades and Extraction Workers,Low-Performing Schools,Reading Performance,Math Performance,"44,903",70%,0%,0%,80%,5%,5%,10%,56%,142,31%,"1,215",159,163,0.491920823,22669,22669000,14943.30916
County,Onslow County,Southeast,Jacksonville-New Bern,Suburban,1,6%,24%,35%,11%,18%,6%,"198,740","229,277","26,410","4,857","$50,531",21%,86%,36,4,11%,31%,43%,34%,14%,50%,36%,89%,48%,15%,975,14%,377,5%,"1,562","Agricultural, Food, & Natural Resources",Hospitality & Tourism,Health Science,57%,75%,51%,539,143,"2,183","14,913",7.60%,"2,013",60%,"$30,995",56%,Health Science (above below bachelor's),Business Management & Administration (bachelor's),Education & Training (bachelor's),"143,212",Registered Nurses,"Business Operations Specialists, All Other",General and Operations Managers,NC Pre-K Enrollment,Adult Learners,School Counselors,"18,513",63%,0%,2%,17%,15%,11%,55%,70%,106,2%,152,"1,378","3,327",15.0333059,262985,262985000,9957.781144
County,Orange County,North Central,Raleigh-Durham,Suburban,2,7%,13%,14%,6%,28%,32%,"145,574","163,699","19,572","3,325","$71,920",11%,87%,30,0,0%,87%,58%,55%,10%,45%,45%,90%,61%,11%,"2,166",35%,324,5%,457,"Agricultural, Food, & Natural Resources",Health Science,"Science, Technology, Engineering, & Mathematics",72%,88%,71%,292,"2,661","12,867","67,583",3.10%,"22,190",59%,"$52,133",80%,Information Technology (bachelor's),Marketing (bachelor's),Finance (bachelor's),"1,166,888",Registered Nurses,"Software Developers, Applications",General and Operations Managers,CCP Enrollment,FAFSA Completion,Math Performance,"139,487",73%,0%,9%,12%,20%,7%,51%,86%,0,0%,"1,007","1,087","1,231",11.92431555,253939,253939000,12974.60658
County,Pamlico County,Southeast,Jacksonville-New Bern,Rural Metro,1,10%,31%,33%,14%,11%,1%,"13,359","13,452","1,308",787,"$46,447",29%,69%,3,0,0%,118%,36%,34%,0%,33%,67%,95%,65%,20%,48,11%,83,19%,73,"Agricultural, Food, & Natural Resources",Architecture and Construction,Health Science,58%,69%,44%,"1,308",143,"2,183","14,913",14.00%,"2,013",60%,"$30,995",56%,Health Science (above below bachelor's),Business Management & Administration (bachelor's),Education & Training (bachelor's),"143,212",Registered Nurses,"Business Operations Specialists, All Other",General and Operations Managers,School Counselors,Adult Learners,Postsecondary Completion,"18,513",63%,1%,1%,20%,9%,10%,60%,73%,0,0%,543,68,176,0.7009157518,17746,17746000,13567.27829
County,Pasquotank County,Northeast,Elizabeth City,Rural Non-Metro,1,10%,29%,29%,12%,13%,7%,"39,790","39,591","5,355","1,798","$46,355",28%,74%,12,4,33%,51%,35%,29%,33%,58%,8%,81%,54%,22%,64,4%,137,9%,248,"Agricultural, Food, & Natural Resources",Business Management & Administration,Health Science,57%,68%,49%,357,8,603,"4,933",4.40%,580,64%,"$30,932",60%,Health Science (all levels),"Transportation, Distribution & Logistics (below bachelor's)",Finance (bachelor's),"67,624",General and Operations Managers,First-Line Supervisors of Construction Trades and Extraction Workers,Accountants and Auditors,Low-Performing Schools,CCP Enrollment,NC Pre-K Enrollment,"7,009",52%,0%,1%,43%,10%,8%,37%,74%,100,7%,426,584,788,2.980578756,56575,56575000,10564.89262
County,Pender County,Southeast,Wilmington,Rural Metro,1,12%,28%,21%,9%,20%,10%,"62,168","76,106","9,161","1,148","$54,900",22%,75%,18,1,6%,104%,49%,44%,6%,44%,50%,93%,55%,19%,381,13%,499,17%,485,Architecture and Construction,"Agricultural, Food, & Natural Resources",Health Science,61%,77%,47%,416,254,"1,943","14,610",6.10%,"6,301",66%,"$40,372",80%,Finance (bachelor's),Health Science (above bachelor's),"Transportation, Distribution & Logistics (below bachelor's)","207,875",Registered Nurses,General and Operations Managers,First-Line Supervisors of Construction Trades and Extraction Workers,Chronic Absenteeism,School Counselors,Postsecondary Completion,"35,429",69%,0%,1%,13%,15%,6%,65%,79%,227,8%,0,48,"1,100",4.405868673,93792,93792000,10238.1836
County,Perquimans County,Northeast,Elizabeth City,Rural Non-Metro,1,5%,34%,26%,9%,21%,5%,"13,652","13,923","1,607",175,"$48,337",28%,69%,3,0,0%,51%,43%,36%,33%,67%,0%,89%,43%,20%,13,3%,97,22%,72,Information Technology,Health Science,"Agricultural, Food, & Natural Resources",44%,67%,50%,321,8,603,"4,933",1.40%,580,64%,"$30,932",60%,Health Science (all levels),"Transportation, Distribution & Logistics (below bachelor's)",Finance (bachelor's),"67,624",General and Operations Managers,First-Line Supervisors of Construction Trades and Extraction Workers,Accountants and Auditors,Transition to Postsecondary,NC Pre-K Enrollment,FAFSA Completion,"7,009",52%,0%,0%,24%,4%,8%,64%,89%,0,0%,0,0,175,0.7083672199,19058,19058000,11859.36528
County,Person County,North Central,Raleigh-Durham,Rural Metro,1,9%,30%,29%,14%,12%,5%,"40,208","41,823","4,305","1,868","$50,149",23%,74%,11,2,18%,47%,40%,39%,36%,18%,45%,82%,49%,16%,134,11%,315,25%,298,"Agricultural, Food, & Natural Resources",Architecture and Construction,Hospitality & Tourism,59%,65%,50%,331,"2,661","12,867","67,583",6.30%,"22,190",59%,"$52,133",80%,Information Technology (bachelor's),Marketing (bachelor's),Finance (bachelor's),"1,166,888",Registered Nurses,"Software Developers, Applications",General and Operations Managers,First-Year Persistence,NC Pre-K Enrollment,FAFSA Completion,"139,487",73%,1%,0%,32%,10%,7%,50%,71%,150,12%,"1,088",101,679,2.326275765,45961,45961000,10676.19048
County,Pitt County,Northeast,Greenville,Suburban,1,8%,19%,24%,13%,24%,12%,"178,440","193,742","23,228","4,317","$43,303",27%,78%,35,7,20%,48%,42%,40%,11%,57%,31%,83%,61%,13%,"1,007",14%,"1,253",18%,"1,219",Health Science,Hospitality & Tourism,"Agricultural, Food, & Natural Resources",66%,77%,50%,342,347,"2,779","19,098",5.60%,"8,237",70%,"$47,838",84%,"Agriculture, Food & Natural Resources (bachelor's)","Transportation, Distribution & Logistics (bachelor's)",n.a.,"154,964",Registered Nurses,General and Operations Managers,First-Line Supervisors of Construction Trades and Extraction Workers,High School Graduation,Postsecondary Completion,Reading Performance,"44,903",70%,0%,2%,44%,12%,6%,35%,87%,316,4%,780,"1,777","1,760",13.1617665,236509,236509000,10182.06475
County,Polk County,Western,Asheville,Rural Non-Metro,1,7%,30%,23%,14%,18%,8%,"21,535","23,299","2,100",456,"$50,467",20%,76%,6,0,0%,88%,63%,57%,14%,71%,14%,91%,78%,12%,77,12%,173,26%,135,"Agricultural, Food, & Natural Resources",Architecture and Construction,Health Science,65%,72%,60%,300,553,"3,207","22,514",1.80%,"2,836",69%,"$33,116",71%,Health Science (all levels),"Transportation, Distribution & Logistics (below bachelor's)",Finance (bachelor's),"255,306",Registered Nurses,General and Operations Managers,"Sales Representatives, Services, All Other",First-Year Persistence,AP Participation,Math Performance,"23,862",65%,0%,0%,5%,13%,7%,75%,75%,62,9%,0,26,430,0.7903837496,26468,26468000,12603.80952
County,Randolph County,Piedmont-Triad,Greensboro,Rural Metro,2,15%,30%,25%,12%,13%,4%,"144,085","154,739","20,312","5,101","$48,372",21%,71%,39,4,10%,34%,39%,39%,26%,54%,21%,89%,58%,12%,774,12%,"1,125",18%,"1,104","Agricultural, Food, & Natural Resources",Health Science,Architecture and Construction,55%,71%,52%,369,739,"6,843","34,670",8.20%,"8,688",71%,"$41,392",84%,"Transportation, Distribution & Logistics (below bachelor's)",Health Science (above bachelor's),Finance (bachelor's),"469,667",Registered Nurses,"Sales Representatives, Wholesale and Manufacturing, Except Technical and Scientific Products",General and Operations Managers,NC Pre-K Enrollment,First-Year Persistence,Transition to Postsecondary,"71,877",72%,0%,2%,6%,26%,6%,60%,80%,354,6%,"1,680",755,"2,666",10.03496455,194066,194066000,9554.253643
County,Richmond County,Sandhills,Pinehurst-Rockingham,Rural Non-Metro,1,18%,32%,26%,11%,9%,4%,"45,199","44,123","7,045",679,"$38,514",31%,70%,14,0,0%,64%,39%,38%,7%,47%,47%,81%,43%,14%,149,7%,575,27%,411,Health Science,Hospitality & Tourism,Business Management & Administration,60%,68%,42%,371,24,"1,920","14,381",9.20%,"1,497",72%,"$32,460",50%,Health Science (above below bachelor's),Education & Training (bachelor's),Business Management & Administration (bachelor's),"69,044",Registered Nurses,General and Operations Managers,"Sales Representatives, Services, All Other",FAFSA Completion,Postsecondary Completion,First-Year Persistence,"9,578",47%,3%,1%,35%,13%,7%,42%,73%,275,13%,0,267,412,4.327970703,73077,73077000,10372.88857
County,Robeson County,Sandhills,Fayetteville-Lumberton,Rural Non-Metro,1,21%,32%,24%,10%,9%,4%,"131,600","125,259","21,487","2,050","$35,407",36%,54%,39,22,56%,70%,25%,22%,38%,36%,26%,84%,46%,26%,502,8%,519,8%,"1,122","Agricultural, Food, & Natural Resources",Health Science,Business Management & Administration,48%,62%,36%,321,"1,621","6,792","32,293",12.40%,"5,110",64%,"$36,969",75%,Health Science (above below bachelor's),Information Technology (bachelor's),Finance (bachelor's),"258,519",Registered Nurses,"Business Operations Specialists, All Other",General and Operations Managers,Low-Performing Schools,Reading Performance,Math Performance,"52,924",54%,41%,1%,22%,18%,6%,12%,70%,232,4%,332,369,"1,349",14.61426165,232737,232737000,10831.52604
County,Rockingham County,Piedmont-Triad,Greensboro,Rural Metro,1,16%,31%,25%,12%,12%,6%,"91,746","91,865","11,534","2,265","$41,869",26%,68%,21,3,14%,40%,39%,39%,29%,57%,14%,86%,61%,21%,302,8%,488,14%,431,Health Science,Hospitality & Tourism,"Agricultural, Food, & Natural Resources",59%,72%,51%,412,739,"6,843","34,670",10.90%,"8,688",71%,"$41,392",84%,"Transportation, Distribution & Logistics (below bachelor's)",Health Science (above bachelor's),Finance (bachelor's),"469,667",Registered Nurses,"Sales Representatives, Wholesale and Manufacturing, Except Technical and Scientific Products",General and Operations Managers,NC Pre-K Enrollment,Chronic Absenteeism,CCP Enrollment,"71,877",72%,0%,1%,17%,15%,10%,57%,78%,321,9%,421,325,"1,519",6.281861698,115071,115071000,9976.677649
County,Rowan County,Southwest,Charlotte,Suburban,2,15%,29%,26%,11%,14%,5%,"141,802","149,784","19,720","3,811","$46,864",25%,77%,35,16,45%,41%,33%,23%,46%,48%,6%,85%,52%,19%,858,14%,635,10%,734,"Agricultural, Food, & Natural Resources",Health Science,Hospitality & Tourism,56%,72%,47%,257,"3,322","12,019","64,398",7.80%,"12,162",74%,"$43,374",79%,Business Management & Administration (bachelor's),Finance (bachelor's),Information Technology (bachelor's),"1,361,336","Sales Representatives, Wholesale and Manufacturing, Except Technical and Scientific Products",General and Operations Managers,Registered Nurses,Low-Performing Schools,Math Performance,Reading Performance,"107,538",68%,0%,1%,18%,20%,6%,54%,66%,245,4%,92,"1,048","2,671",10.70254625,195392,195392000,9908.31643
County,Rutherford County,Western,Asheville,Rural Non-Metro,1,16%,30%,22%,13%,14%,5%,"68,423","72,379","7,775","3,316","$42,831",28%,67%,17,0,0%,55%,46%,43%,11%,67%,22%,84%,62%,19%,206,8%,603,25%,461,"Agricultural, Food, & Natural Resources",Hospitality & Tourism,Health Science,58%,73%,48%,370,553,"3,207","22,514",13.80%,"2,836",69%,"$33,116",71%,Health Science (all levels),"Transportation, Distribution & Logistics (below bachelor's)",Finance (bachelor's),"255,306",Registered Nurses,General and Operations Managers,"Sales Representatives, Services, All Other",NC Pre-K Enrollment,Disconnected Youth,School Counselors,"23,862",65%,0%,0%,12%,9%,7%,71%,82%,194,8%,"1,807",340,"1,169",3.224364759,81643,81643000,10500.7074
County,Sampson County,Sandhills,Fayetteville-Lumberton,Rural Non-Metro,2,23%,28%,25%,10%,10%,4%,"64,087","65,308","10,870","1,103","$42,807",33%,60%,22,1,5%,61%,44%,42%,14%,50%,36%,81%,56%,16%,215,7%,780,24%,874,"Agricultural, Food, & Natural Resources",Hospitality & Tourism,Business Management & Administration,58%,75%,49%,362,"1,621","6,792","32,293",7.30%,"5,110",64%,"$36,969",75%,Health Science (above below bachelor's),Information Technology (bachelor's),Finance (bachelor's),"258,519",Registered Nurses,"Business Operations Specialists, All Other",General and Operations Managers,High School Graduation,NC Pre-K Enrollment,School Counselors,"52,924",54%,1%,0%,23%,39%,4%,33%,72%,257,8%,0,656,447,6.236662322,113345,113345000,10427.32291
County,Scotland County,Sandhills,Fayetteville-Lumberton,Rural Non-Metro,1,17%,33%,26%,11%,9%,4%,"35,744","35,370","5,538",585,"$36,730",42%,58%,10,7,70%,84%,30%,26%,64%,36%,0%,81%,50%,20%,137,9%,327,21%,179,Health Science,Hospitality & Tourism,Architecture and Construction,54%,74%,42%,396,"1,621","6,792","32,293",14.20%,"5,110",64%,"$36,969",75%,Health Science (above below bachelor's),Information Technology (bachelor's),Finance (bachelor's),"258,519",Registered Nurses,"Business Operations Specialists, All Other",General and Operations Managers,Low-Performing Schools,Reading Performance,Math Performance,"52,924",54%,16%,1%,46%,4%,6%,28%,65%,190,12%,0,317,268,3.443090018,66517,66517000,12011.01481
County,Stanly County,Southwest,Charlotte,Rural Non-Metro,1,13%,31%,24%,14%,13%,4%,"63,328","69,309","8,289","2,432","$51,491",19%,77%,20,1,5%,84%,41%,38%,19%,38%,43%,91%,47%,13%,73,3%,501,20%,521,"Agricultural, Food, & Natural Resources",Architecture and Construction,Manufacturing,54%,77%,55%,377,"3,322","12,019","64,398",13.40%,"12,162",74%,"$43,374",79%,Business Management & Administration (bachelor's),Finance (bachelor's),Information Technology (bachelor's),"1,361,336","Sales Representatives, Wholesale and Manufacturing, Except Technical and Scientific Products",General and Operations Managers,Registered Nurses,FAFSA Completion,AP Participation,Disconnected Youth,"107,538",68%,0%,3%,13%,9%,9%,66%,69%,197,8%,803,443,"1,186",4.115361341,82005,82005000,9893.231994
County,Stokes County,Piedmont-Triad,Winston-Salem,Rural Metro,1,13%,35%,23%,12%,13%,3%,"46,472","46,062","5,747","1,013","$50,826",18%,68%,18,1,6%,112%,43%,41%,26%,32%,42%,83%,54%,17%,126,7%,355,19%,281,"Agricultural, Food, & Natural Resources",Health Science,Hospitality & Tourism,60%,79%,50%,287,974,"4,264","24,064",8.60%,"3,894",75%,"$40,459",81%,Finance (bachelor's),Business Management & Administration (bachelor's),Marketing (bachelor's),"324,711",Registered Nurses,General and Operations Managers,"Sales Representatives, Wholesale and Manufacturing, Except Technical and Scientific Products",AP Participation,High School Graduation,Chronic Absenteeism,"33,211",58%,0%,0%,3%,5%,5%,86%,81%,179,9%,0,176,837,1.413507787,62547,62547000,10883.41744
County,Surry County,Piedmont-Triad,Winston-Salem,Rural Non-Metro,3,18%,26%,21%,15%,14%,6%,"73,232","73,231","10,331","2,245","$46,342",24%,63%,25,1,4%,54%,51%,46%,16%,48%,36%,90%,59%,14%,349,11%,931,29%,646,"Agricultural, Food, & Natural Resources",Health Science,Hospitality & Tourism,62%,75%,56%,383,974,"4,264","24,064",9.60%,"3,894",75%,"$40,459",81%,Finance (bachelor's),Business Management & Administration (bachelor's),Marketing (bachelor's),"324,711",Registered Nurses,General and Operations Managers,"Sales Representatives, Wholesale and Manufacturing, Except Technical and Scientific Products",NC Pre-K Enrollment,School Counselors,Disconnected Youth,"33,211",58%,0%,0%,3%,24%,4%,68%,73%,309,10%,824,113,"1,308",3.989840171,107871,107871000,10441.48679
County,Swain County,Western,Waynesville-Franklin,Rural Non-Metro,1,18%,31%,23%,14%,11%,4%,"14,442","13,388","1,913",446,"$43,121",23%,51%,4,0,0%,53%,45%,42%,50%,50%,0%,78%,58%,25%,50,9%,47,8%,112,Architecture and Construction,Health Science,"Agricultural, Food, & Natural Resources",50%,69%,50%,383,18,"1,489","10,302",2.40%,"3,691",70%,"$39,941",80%,Health Science (above bachelor's),n.a.,n.a.,"81,375",Registered Nurses,General and Operations Managers,First-Line Supervisors of Construction Trades and Extraction Workers,CCP Enrollment,NC Pre-K Enrollment,High School Graduation,"17,345",74%,21%,1%,1%,6%,6%,65%,80%,0,0%,181,79,186,0.911181771,23261,23261000,12159.43544
County,Transylvania County,Western,Asheville,Rural Non-Metro,1,18%,23%,25%,6%,21%,6%,"35,115","38,768","3,308","1,252","$51,398",23%,78%,8,0,0%,64%,51%,43%,33%,22%,44%,85%,60%,17%,119,11%,199,18%,297,"Agricultural, Food, & Natural Resources",Hospitality & Tourism,"Arts, Audio/Video Technology, & Communications",65%,80%,52%,368,553,"3,207","22,514",12.30%,"2,836",69%,"$33,116",71%,Health Science (all levels),"Transportation, Distribution & Logistics (below bachelor's)",Finance (bachelor's),"255,306",Registered Nurses,General and Operations Managers,"Sales Representatives, Services, All Other",CCP Enrollment,Disconnected Youth,School Counselors,"23,862",65%,0%,1%,4%,10%,8%,77%,80%,0,0%,396,125,731,1.229753879,39335,39335000,11890.87062
County,Tyrrell County,Northeast,Elizabeth City,Rural Non-Metro,1,28%,39%,15%,11%,4%,2%,"4,260","4,259",626,42,"$36,765",35%,61%,3,2,67%,47%,32%,17%,0%,100%,0%,95%,91%,13%,1,1%,79,44%,25,"Agricultural, Food, & Natural Resources",Information Technology,Health Science,66%,71%,35%,209,8,603,"4,933",0.00%,580,64%,"$30,932",60%,Health Science (all levels),"Transportation, Distribution & Logistics (below bachelor's)",Finance (bachelor's),"67,624",General and Operations Managers,First-Line Supervisors of Construction Trades and Extraction Workers,Accountants and Auditors,Low-Performing Schools,Math Performance,NC Pre-K Enrollment,"7,009",52%,0%,2%,30%,22%,9%,38%,95%,179,100%,0,0,42,0.3887020554,9453,9453000,15100.63898
County,Union County,Southwest,Charlotte,Suburban,1,11%,22%,21%,8%,27%,11%,"232,465","302,410","41,149","10,651","$80,428",9%,89%,50,3,6%,41%,59%,61%,16%,39%,45%,93%,63%,9%,"3,052",22%,"1,207",9%,"1,374",Information Technology,"Agricultural, Food, & Natural Resources",Health Science,70%,82%,60%,340,"3,322","12,019","64,398",2.80%,"12,162",74%,"$43,374",79%,Business Management & Administration (bachelor's),Finance (bachelor's),Information Technology (bachelor's),"1,361,336","Sales Representatives, Wholesale and Manufacturing, Except Technical and Scientific Products",General and Operations Managers,Registered Nurses,CCP Enrollment,NC Pre-K Enrollment,FAFSA Completion,"107,538",68%,0%,5%,12%,19%,5%,59%,84%,360,3%,"3,306","2,256","5,089",22.38410642,379672,379672000,9226.761282
County,Vance County,North Central,Raleigh-Durham,Rural Non-Metro,1,18%,34%,24%,10%,10%,4%,"45,764","46,944","5,433","3,120","$40,263",36%,66%,14,5,36%,37%,33%,27%,47%,40%,13%,87%,53%,27%,82,6%,222,16%,134,"Agricultural, Food, & Natural Resources",Health Science,Architecture and Construction,46%,72%,40%,320,"2,661","12,867","67,583",13.00%,"22,190",59%,"$52,133",80%,Information Technology (bachelor's),Marketing (bachelor's),Finance (bachelor's),"1,166,888",Registered Nurses,"Software Developers, Applications",General and Operations Managers,NC Pre-K Enrollment,Low-Performing Schools,Transition to Postsecondary,"139,487",73%,0%,1%,66%,15%,4%,14%,60%,206,15%,"1,999",489,632,2.522576604,57363,57363000,10558.25511
County,Wake County,North Central,Raleigh-Durham,Urban,1,7%,13%,16%,8%,36%,20%,"1,070,197","1,328,336","159,588","45,774","$80,169",10%,90%,181,28,15%,38%,55%,49%,37%,41%,22%,90%,62%,12%,"15,629",32%,"1,583",3%,"5,017",Hospitality & Tourism,"Arts, Audio/Video Technology, & Communications",Business Management & Administration,72%,88%,64%,409,"2,661","12,867","67,583",4.00%,"22,190",59%,"$52,133",80%,Information Technology (bachelor's),Marketing (bachelor's),Finance (bachelor's),"1,166,888",Registered Nurses,"Software Developers, Applications",General and Operations Managers,School Counselors,CCP Enrollment,NC Pre-K Enrollment,"139,487",73%,0%,10%,22%,18%,4%,45%,90%,"1,441",3%,"14,185","18,567","13,022",100,1564530,1564530000,9803.556658
County,Warren County,North Central,Raleigh-Durham,Rural Non-Metro,1,18%,31%,27%,11%,10%,3%,"20,066","18,885","1,879",352,"$38,430",30%,56%,8,3,38%,72%,27%,22%,38%,50%,13%,79%,77%,32%,0,0%,150,26%,109,Architecture and Construction,Health Science,Business Management & Administration,55%,73%,33%,268,"2,661","12,867","67,583",8.20%,"22,190",59%,"$52,133",80%,Information Technology (bachelor's),Marketing (bachelor's),Finance (bachelor's),"1,166,888",Registered Nurses,"Software Developers, Applications",General and Operations Managers,Low-Performing Schools,Postsecondary Completion,Chronic Absenteeism,"139,487",73%,8%,1%,64%,9%,4%,14%,68%,102,17%,155,19,178,0.9968288635,25326,25326000,13478.44598
County,Washington County,Northeast,Elizabeth City,Rural Non-Metro,1,24%,24%,27%,14%,7%,4%,"12,153","11,159","1,266",359,"$36,042",39%,58%,5,2,40%,99%,27%,20%,20%,40%,40%,79%,62%,16%,0,0%,65,19%,50,"Agricultural, Food, & Natural Resources",Information Technology,"Arts, Audio/Video Technology, & Communications",45%,68%,37%,253,8,603,"4,933",17.30%,580,64%,"$30,932",60%,Health Science (all levels),"Transportation, Distribution & Logistics (below bachelor's)",Finance (bachelor's),"67,624",General and Operations Managers,First-Line Supervisors of Construction Trades and Extraction Workers,Accountants and Auditors,Low-Performing Schools,Math Performance,Reading Performance,"7,009",52%,0%,1%,79%,8%,4%,9%,81%,46,13%,212,0,147,0.4511016832,16276,16276000,12856.24013
County,Watauga County,Northwest,Boone-Wilkesboro,Rural Non-Metro,1,7%,15%,24%,10%,30%,15%,"57,067","67,043","4,549","1,125","$48,489",15%,81%,10,0,0%,72%,58%,52%,0%,70%,30%,90%,58%,11%,289,21%,279,20%,158,Human Services,Hospitality & Tourism,Manufacturing,60%,85%,67%,303,12,"1,740","8,809",2.00%,"5,225",70%,"$41,744",72%,"Transportation, Distribution & Logistics (below bachelor's)",n.a.,n.a.,"84,705",Registered Nurses,General and Operations Managers,First-Line Supervisors of Construction Trades and Extraction Workers,CCP Enrollment,FAFSA Completion,Transition to Postsecondary,"28,661",75%,0%,2%,1%,10%,3%,84%,84%,263,19%,167,134,824,1.265957579,52719,52719000,11589.14047
County,Wayne County,Southeast,Goldsboro-Kinston,Rural Metro,1,16%,23%,25%,12%,17%,6%,"124,703","134,419","18,039","3,738","$41,572",32%,76%,29,8,28%,53%,33%,31%,27%,43%,30%,83%,48%,19%,257,5%,862,16%,751,"Agricultural, Food, & Natural Resources",Hospitality & Tourism,Health Science,56%,72%,49%,430,96,"3,446","17,300",8.40%,"1,581",75%,"$32,495",63%,Health Science (above bachelor's),Finance (bachelor's),Human Services (above bachelor's),"102,508",Registered Nurses,General and Operations Managers,"Sales Representatives, Wholesale and Manufacturing, Except Technical and Scientific Products",Low-Performing Schools,Reading Performance,FAFSA Completion,"14,028",67%,0%,1%,33%,25%,6%,34%,73%,504,9%,973,"1,326","1,439",10.7527028,172019,172019000,9535.949886
County,Wilkes County,Northwest,Boone-Wilkesboro,Rural Non-Metro,1,16%,28%,24%,15%,12%,5%,"69,913","73,377","8,972","1,850","$44,080",32%,71%,22,0,0%,106%,45%,41%,18%,50%,32%,88%,57%,12%,264,9%,833,30%,525,Health Science,"Agricultural, Food, & Natural Resources",Manufacturing,61%,69%,53%,320,12,"1,740","8,809",5.70%,"5,225",70%,"$41,744",72%,"Transportation, Distribution & Logistics (below bachelor's)",n.a.,n.a.,"84,705",Registered Nurses,General and Operations Managers,First-Line Supervisors of Construction Trades and Extraction Workers,First-Year Persistence,AP Participation,FAFSA Completion,"28,661",75%,0%,0%,3%,15%,8%,73%,81%,233,8%,173,223,"1,454",3.394063709,90590,90590000,10096.96835
County,Wilson County,North Central,Rocky Mount-Wilson,Rural Non-Metro,1,18%,28%,23%,11%,15%,6%,"81,949","87,939","11,024","3,712","$44,015",31%,74%,25,4,16%,21%,40%,36%,38%,27%,35%,77%,58%,14%,278,8%,707,20%,439,"Agricultural, Food, & Natural Resources",Hospitality & Tourism,Health Science,56%,76%,51%,298,327,"1,711","13,104",13.50%,"1,058",82%,"$35,382",69%,Health Science (above below bachelor's),Finance (bachelor's),"Transportation, Distribution & Logistics (below bachelor's)","99,203",Registered Nurses,General and Operations Managers,First-Line Supervisors of Production and Operating Workers,NC Pre-K Enrollment,High School Graduation,Disconnected Youth,"13,632",43%,0%,1%,43%,21%,5%,29%,74%,412,12%,"1,821","1,007",884,6.324194152,109422,109422000,9925.798258
County,Yadkin County,Piedmont-Triad,Winston-Salem,Rural Metro,1,16%,27%,30%,12%,11%,4%,"38,100","38,392","5,122",572,"$49,070",20%,69%,13,0,0%,71%,45%,44%,23%,38%,38%,88%,53%,12%,72,5%,353,22%,305,Architecture and Construction,"Agricultural, Food, & Natural Resources",Health Science,57%,81%,55%,466,974,"4,264","24,064",18.20%,"3,894",75%,"$40,459",81%,Finance (bachelor's),Business Management & Administration (bachelor's),Marketing (bachelor's),"324,711",Registered Nurses,General and Operations Managers,"Sales Representatives, Wholesale and Manufacturing, Except Technical and Scientific Products",Disconnected Youth,AP Participation,Adult Learners,"33,211",58%,0%,0%,3%,26%,4%,66%,74%,211,13%,0,50,522,2.022812043,52029,52029000,10157.94611
County,Yancey County,Northwest,Boone-Wilkesboro,Rural Non-Metro,1,11%,30%,26%,15%,13%,5%,"18,455","20,488","2,105",547,"$44,756",26%,64%,8,0,0%,39%,47%,47%,38%,25%,38%,90%,54%,18%,40,6%,223,34%,182,Architecture and Construction,"Agricultural, Food, & Natural Resources",Manufacturing,49%,69%,56%,263,12,"1,740","8,809",9.90%,"5,225",70%,"$41,744",72%,"Transportation, Distribution & Logistics (below bachelor's)",n.a.,n.a.,"84,705",Registered Nurses,General and Operations Managers,First-Line Supervisors of Construction Trades and Extraction Workers,NC Pre-K Enrollment,Transition to Postsecondary,First-Year Persistence,"28,661",75%,0%,0%,0%,14%,3%,82%,64%,0,0%,0,65,482,0.5259004112,24018,24018000,11409.97625
